ASXcode,ListedInvestmentName,Category
ARB,ARB CORPORATION LIMITED.,Automobiles & Components
GUD,G.U.D. HOLDINGS LIMITED,Automobiles & Components
ATL,APOLLO TOURISM & LEISURE LTD,Automobiles & Components
PWH,PWR HOLDINGS LIMITED,Automobiles & Components
SFC,SCHAFFER CORPORATION LIMITED,Automobiles & Components
ANZ,AUSTRALIA AND NEW ZEALAND BANKING GROUP LIMITED,Banks
CBA,COMMONWEALTH BANK OF AUSTRALIA.,Banks
NAB,NATIONAL AUSTRALIA BANK LIMITED,Banks
WBC,WESTPAC BANKING CORPORATION,Banks
AFG,AUSTRALIAN FINANCE GROUP LTD,Banks
BEN,BENDIGO AND ADELAIDE BANK LIMITED,Banks
BOQ,BANK OF QUEENSLAND LIMITED.,Banks
CYB,CYBG PLC,Banks
GMA,GENWORTH MORTGAGE INSURANCE AUSTRALIA LIMITED,Banks
ABA,AUSWIDE BANK LTD,Banks
MOC,MORTGAGE CHOICE LIMITED,Banks
MYS,MYSTATE LIMITED,Banks
RMC,RESIMAC GROUP LTD,Banks
CIM,CIMIC GROUP LIMITED,Capital Goods
ASB,AUSTAL LIMITED,Capital Goods
CDD,CARDNO LIMITED,Capital Goods
EHL,EMECO HOLDINGS LIMITED,Capital Goods
EOS,ELECTRO OPTIC SYSTEMS HOLDINGS LIMITED,Capital Goods
GWA,GWA GROUP LIMITED.,Capital Goods
MND,MONADELPHOUS GROUP LIMITED,Capital Goods
NWH,NRW HOLDINGS LIMITED,Capital Goods
REH,REECE LIMITED,Capital Goods
RWC,RELIANCE WORLDWIDE CORPORATION LIMITED,Capital Goods
SSM,SERVICE STREAM LIMITED,Capital Goods
SST,STEAMSHIPS TRADING COMPANY LIMITED,Capital Goods
SVW,SEVEN GROUP HOLDINGS LIMITED,Capital Goods
AJL,AJ LUCAS GROUP LIMITED,Capital Goods
DCG,DECMIL GROUP LIMITED,Capital Goods
EGN,ENGENCO LIMITED,Capital Goods
FBR,FBR LTD,Capital Goods
FLC,FLUENCE CORPORATION LIMITED,Capital Goods
JLG,JOHNS LYNG GROUP LIMITED,Capital Goods
LYL,LYCOPODIUM LIMITED,Capital Goods
SRG,SRG GLOBAL LIMITED,Capital Goods
SXE,SOUTHERN CROSS ELECTRICAL ENGINEERING LTD,Capital Goods
BXB,BRAMBLES LIMITED,Commercial & Professional Services
ALQ,ALS LIMITED,Commercial & Professional Services
AMA,AMA GROUP LIMITED,Commercial & Professional Services
BIN,BINGO INDUSTRIES LIMITED,Commercial & Professional Services
CWY,CLEANAWAY WASTE MANAGEMENT LIMITED,Commercial & Professional Services
DOW,DOWNER EDI LIMITED,Commercial & Professional Services
IPH,IPH LIMITED,Commercial & Professional Services
MMS,MCMILLAN SHAKESPEARE LIMITED,Commercial & Professional Services
NEA,NEARMAP LTD,Commercial & Professional Services
PET,PHOSLOCK ENVIRONMENTAL TECHNOLOGIES LIMITED,Commercial & Professional Services
SEK,SEEK LIMITED,Commercial & Professional Services
SGF,SG FLEET GROUP LIMITED,Commercial & Professional Services
SIQ,SMARTGROUP CORPORATION LTD,Commercial & Professional Services
A2B,A2B AUSTRALIA LIMITED,Commercial & Professional Services
CLQ,CLEAN TEQ HOLDINGS LIMITED,Commercial & Professional Services
FLN,FREELANCER LIMITED,Commercial & Professional Services
PPE,PEOPLE INFRASTRUCTURE LTD,Commercial & Professional Services
QIP,QANTM INTELLECTUAL PROPERTY LIMITED,Commercial & Professional Services
WLL,WELLCOM GROUP LIMITED,Commercial & Professional Services
TLS,TELSTRA CORPORATION LIMITED.,Communication Services
CNU,CHORUS LIMITED,Communication Services
HTA,HUTCHISON TELECOMMUNICATIONS (AUSTRALIA) LIMITED,Communication Services
MAQ,MACQUARIE TELECOM GROUP LIMITED,Communication Services
SPK,SPARK NEW ZEALAND LIMITED,Communication Services
TPM,TPG TELECOM LIMITED,Communication Services
VOC,VOCUS GROUP LIMITED,Communication Services
AYS,AMAYSIM AUSTRALIA LIMITED,Communication Services
MNF,MNF GROUP LIMITED,Communication Services
SDA,SPEEDCAST INTERNATIONAL LIMITED,Communication Services
SLC,SUPERLOOP LIMITED,Communication Services
AKP,AUDIO PIXELS HOLDINGS LIMITED,Consumer Durables & Apparel
FWD,FLEETWOOD CORPORATION LIMITED,Consumer Durables & Apparel
MCP,MCPHERSON'S LIMITED,Consumer Durables & Apparel
MHJ,MICHAEL HILL INTERNATIONAL LIMITED,Consumer Durables & Apparel
ALL,ARISTOCRAT LEISURE LIMITED,Consumer Services
TAH,TABCORP HOLDINGS LIMITED,Consumer Services
ALG,ARDENT LEISURE GROUP LIMITED,Consumer Services
CKF,COLLINS FOODS LIMITED,Consumer Services
CTD,CORPORATE TRAVEL MANAGEMENT LIMITED,Consumer Services
CWN,CROWN RESORTS LIMITED,Consumer Services
DMP,DOMINO'S PIZZA ENTERPRISES LIMITED,Consumer Services
FLT,FLIGHT CENTRE TRAVEL GROUP LIMITED,Consumer Services
GEM,G8 EDUCATION LIMITED,Consumer Services
HLO,HELLOWORLD TRAVEL LIMITED,Consumer Services
IEL,IDP EDUCATION LIMITED,Consumer Services
IVC,INVOCARE LIMITED,Consumer Services
JIN,JUMBO INTERACTIVE LIMITED,Consumer Services
RDC,REDCAPE HOTEL GROUP,Consumer Services
SGR,THE STAR ENTERTAINMENT GROUP LIMITED,Consumer Services
SKC,SKYCITY ENTERTAINMENT GROUP LIMITED,Consumer Services
3PL,3P LEARNING LIMITED..,Consumer Services
AGI,AINSWORTH GAME TECHNOLOGY LIMITED,Consumer Services
ENN,ELANOR INVESTORS GROUP,Consumer Services
EXP,EXPERIENCE CO LIMITED,Consumer Services
ISU,ISELECT LIMITED.,Consumer Services
PFP,PROPEL FUNERAL PARTNERS LIMITED,Consumer Services
RCT,REEF CASINO TRUST,Consumer Services
SGH,SLATER & GORDON LIMITED,Consumer Services
SHJ,SHINE CORPORATE LTD,Consumer Services
SLK,SEALINK TRAVEL GROUP LIMITED,Consumer Services
ASX,ASX LIMITED,Diversified Financials
MQG,MACQUARIE GROUP LIMITED,Diversified Financials
CCP,CREDIT CORP GROUP LIMITED,Diversified Financials
CGF,CHALLENGER LIMITED,Diversified Financials
CNI,CENTURIA CAPITAL GROUP,Diversified Financials
ECX,ECLIPX GROUP LIMITED,Diversified Financials
EQT,EQT HOLDINGS LIMITED,Diversified Financials
FXL,FLEXIGROUP LIMITED,Diversified Financials
HUB,HUB24 LIMITED,Diversified Financials
IFL,IOOF HOLDINGS LIMITED,Diversified Financials
IMF,IMF BENTHAM LIMITED,Diversified Financials
JHG,JANUS HENDERSON GROUP PLC,Diversified Financials
MFG,MAGELLAN FINANCIAL GROUP LIMITED,Diversified Financials
MOE,MOELIS AUSTRALIA LIMITED,Diversified Financials
NGI,NAVIGATOR GLOBAL INVESTMENTS LIMITED,Diversified Financials
NWL,NETWEALTH GROUP LIMITED,Diversified Financials
PDL,PENDAL GROUP LIMITED,Diversified Financials
PNI,PINNACLE INVESTMENT MANAGEMENT GROUP LIMITED,Diversified Financials
PPT,PERPETUAL LIMITED,Diversified Financials
PTM,PLATINUM ASSET MANAGEMENT LIMITED,Diversified Financials
Z1P,ZIP CO LIMITED.,Diversified Financials
AEF,AUSTRALIAN ETHICAL INVESTMENT LIMITED,Diversified Financials
APD,APN PROPERTY GROUP LIMITED,Diversified Financials
BFG,BELL FINANCIAL GROUP LIMITED,Diversified Financials
CLH,COLLECTION HOUSE LIMITED,Diversified Financials
COG,CONSOLIDATED OPERATIONS GROUP LIMITED,Diversified Financials
CVC,CVC LIMITED,Diversified Financials
CVW,CLEARVIEW WEALTH LIMITED,Diversified Financials
ED1,EVANS DIXON LIMITED,Diversified Financials
EZL,EUROZ LIMITED,Diversified Financials
FID,FIDUCIAN GROUP LIMITED,Diversified Financials
FSA,FSA GROUP LIMITED,Diversified Financials
GOW,GOWING BROS LIMITED,Diversified Financials
KSL,KINA SECURITIES LIMITED,Diversified Financials
MNY,MONEY3 CORPORATION LIMITED,Diversified Financials
OFX,OFX GROUP LIMITED,Diversified Financials
OVH,ONEVUE HOLDINGS LIMITED,Diversified Financials
PAC,PACIFIC CURRENT GROUP LIMITED,Diversified Financials
PCG,PENGANA CAPITAL GROUP LIMITED,Diversified Financials
PNC,PIONEER CREDIT LIMITED,Diversified Financials
ORG,ORIGIN ENERGY LIMITED,Energy
OSH,OIL SEARCH LIMITED,Energy
STO,SANTOS LIMITED,Energy
WPL,WOODSIDE PETROLEUM LTD,Energy
BPT,BEACH ENERGY LIMITED,Energy
COE,COOPER ENERGY LIMITED,Energy
CTX,CALTEX AUSTRALIA LIMITED,Energy
CVN,CARNARVON PETROLEUM LIMITED,Energy
NHC,NEW HOPE CORPORATION LIMITED,Energy
SOL,WASHINGTON H SOUL PATTINSON & COMPANY LIMITED,Energy
SXY,SENEX ENERGY LIMITED,Energy
VEA,VIVA ENERGY GROUP LIMITED,Energy
WHC,WHITEHAVEN COAL LIMITED,Energy
WOR,WORLEYPARSONS LIMITED,Energy
YAL,YANCOAL AUSTRALIA LIMITED,Energy
ZEL,Z ENERGY LIMITED.,Energy
ATS,AUSTRALIS OIL & GAS LIMITED,Energy
BYE,BYRON ENERGY LIMITED,Energy
COI,COMET RIDGE LIMITED,Energy
ERA,ENERGY RESOURCES OF AUSTRALIA LIMITED,Energy
FAR,FAR LIMITED,Energy
FDM,FREEDOM OIL AND GAS LTD,Energy
GLL,GALILEE ENERGY LIMITED,Energy
HE8,HELIOS ENERGY LTD,Energy
HZN,HORIZON OIL LIMITED,Energy
KAR,KAROON ENERGY LTD,Energy
LNG,LIQUEFIED NATURAL GAS LIMITED,Energy
PDN,PALADIN ENERGY LTD,Energy
SEA,SUNDANCE ENERGY AUSTRALIA LIMITED,Energy
SMR,STANMORE COAL LIMITED,Energy
STX,STRIKE ENERGY LIMITED,Energy
TER,TERRACOM LIMITED,Energy
COL,COLES GROUP LIMITED.,Food & Staples Retailing
WOW,WOOLWORTHS GROUP LIMITED,Food & Staples Retailing
MTS,METCASH LIMITED,Food & Staples Retailing
TWE,TREASURY WINE ESTATES LIMITED,"Food, Beverage & Tobacco"
A2M,THE A2 MILK COMPANY LIMITED,"Food, Beverage & Tobacco"
AAC,AUSTRALIAN AGRICULTURAL COMPANY LIMITED.,"Food, Beverage & Tobacco"
BAL,BELLAMY'S AUSTRALIA LIMITED,"Food, Beverage & Tobacco"
BGA,BEGA CHEESE LIMITED,"Food, Beverage & Tobacco"
BUB,BUBS AUSTRALIA LIMITED,"Food, Beverage & Tobacco"
CCL,COCA-COLA AMATIL LIMITED,"Food, Beverage & Tobacco"
CGC,COSTA GROUP HOLDINGS LIMITED,"Food, Beverage & Tobacco"
ELD,ELDERS LIMITED,"Food, Beverage & Tobacco"
FNP,FREEDOM FOODS GROUP LIMITED,"Food, Beverage & Tobacco"
GNC,GRAINCORP LIMITED,"Food, Beverage & Tobacco"
ING,INGHAMS GROUP LIMITED,"Food, Beverage & Tobacco"
SHV,SELECT HARVESTS LIMITED,"Food, Beverage & Tobacco"
SM1,SYNLAIT MILK LIMITED,"Food, Beverage & Tobacco"
TGR,TASSAL GROUP LIMITED,"Food, Beverage & Tobacco"
WBA,WEBSTER LIMITED,"Food, Beverage & Tobacco"
AVG,AUSTRALIAN VINTAGE LTD,"Food, Beverage & Tobacco"
DFM,DONGFANG MODERN AGRICULTURE HOLDING GROUP LIMITED,"Food, Beverage & Tobacco"
HUO,HUON AQUACULTURE GROUP LIMITED,"Food, Beverage & Tobacco"
RIC,RIDLEY CORPORATION LIMITED,"Food, Beverage & Tobacco"
SFG,SEAFARMS GROUP LIMITED,"Food, Beverage & Tobacco"
WHA,WATTLE HEALTH AUSTRALIA LIMITED,"Food, Beverage & Tobacco"
COH,COCHLEAR LIMITED,Health Care Equipment & Services
RHC,RAMSAY HEALTH CARE LIMITED,Health Care Equipment & Services
SHL,SONIC HEALTHCARE LIMITED,Health Care Equipment & Services
ANN,ANSELL LIMITED,Health Care Equipment & Services
API,AUSTRALIAN PHARMACEUTICAL INDUSTRIES LIMITED,Health Care Equipment & Services
EHE,ESTIA HEALTH LIMITED,Health Care Equipment & Services
FPH,FISHER & PAYKEL HEALTHCARE CORPORATION LIMITED,Health Care Equipment & Services
HLS,HEALIUS LIMITED,Health Care Equipment & Services
IDX,INTEGRAL DIAGNOSTICS LIMITED,Health Care Equipment & Services
NAN,NANOSONICS LIMITED,Health Care Equipment & Services
PME,PRO MEDICUS LIMITED,Health Care Equipment & Services
REG,REGIS HEALTHCARE LIMITED,Health Care Equipment & Services
RMD,RESMED INC,Health Care Equipment & Services
SIG,SIGMA HEALTHCARE LIMITED,Health Care Equipment & Services
CAJ,CAPITOL HEALTH LIMITED,Health Care Equipment & Services
CLV,CLOVER CORPORATION LIMITED,Health Care Equipment & Services
JHC,JAPARA HEALTHCARE LIMITED,Health Care Equipment & Services
NVL,NATIONAL VETERINARY CARE LTD,Health Care Equipment & Services
ONT,1300 SMILES LIMITED,Health Care Equipment & Services
PGC,PARAGON CARE LIMITED,Health Care Equipment & Services
PSQ,PACIFIC SMILES GROUP LIMITED,Health Care Equipment & Services
VHT,VOLPARA HEALTH TECHNOLOGIES LIMITED,Health Care Equipment & Services
VRT,VIRTUS HEALTH LIMITED,Health Care Equipment & Services
AHY,ASALEO CARE LIMITED,Household & Personal Products
BKL,BLACKMORES LIMITED,Household & Personal Products
BWX,BWX LIMITED,Household & Personal Products
WJA,WAMEJA LIMITED,Information Technology
IAG,INSURANCE AUSTRALIA GROUP LIMITED,Insurance
QBE,QBE INSURANCE GROUP LIMITED,Insurance
SUN,SUNCORP GROUP LIMITED,Insurance
AMP,AMP LIMITED,Insurance
AUB,AUB GROUP LIMITED,Insurance
MPL,MEDIBANK PRIVATE LIMITED,Insurance
NHF,NIB HOLDINGS LIMITED,Insurance
PSI,PSC INSURANCE GROUP LIMITED,Insurance
SDF,STEADFAST GROUP LIMITED,Insurance
AMC,AMCOR LIMITED,Materials
BHP,BHP GROUP LIMITED,Materials
FMG,FORTESCUE METALS GROUP LTD,Materials
JHX,JAMES HARDIE INDUSTRIES PLC,Materials
NCM,NEWCREST MINING LIMITED,Materials
RIO,RIO TINTO LIMITED,Materials
S32,SOUTH32 LIMITED,Materials
ABC,ADELAIDE BRIGHTON LIMITED,Materials
AGG,ANGLOGOLD ASHANTI LIMITED,Materials
ASL,AUSDRILL LIMITED,Materials
AWC,ALUMINA LIMITED,Materials
BKW,BRICKWORKS LIMITED,Materials
BLD,BORAL LIMITED.,Materials
BSL,BLUESCOPE STEEL LIMITED,Materials
CIA,CHAMPION IRON LIMITED,Materials
CRN,CORONADO GLOBAL RESOURCES INC.,Materials
CSR,CSR LIMITED,Materials
EVN,EVOLUTION MINING LIMITED,Materials
FBU,FLETCHER BUILDING LIMITED,Materials
GOR,GOLD ROAD RESOURCES LIMITED,Materials
IGO,INDEPENDENCE GROUP NL,Materials
ILU,ILUKA RESOURCES LIMITED,Materials
IMD,IMDEX LIMITED,Materials
IPL,INCITEC PIVOT LIMITED,Materials
JMS,JUPITER MINES LIMITED.,Materials
LYC,LYNAS CORPORATION LIMITED,Materials
MGX,MOUNT GIBSON IRON LIMITED,Materials
MIN,MINERAL RESOURCES LIMITED,Materials
NIC,NICKEL MINES LIMITED,Materials
NST,NORTHERN STAR RESOURCES LTD,Materials
NUF,NUFARM LIMITED,Materials
ORA,ORORA LIMITED,Materials
ORE,OROCOBRE LIMITED,Materials
ORI,ORICA LIMITED,Materials
OZL,OZ MINERALS LIMITED,Materials
PGH,PACT GROUP HOLDINGS LTD,Materials
PLS,PILBARA MINERALS LIMITED,Materials
PRU,PERSEUS MINING LIMITED,Materials
RMS,RAMELIUS RESOURCES LIMITED,Materials
RRL,REGIS RESOURCES LIMITED,Materials
RSG,RESOLUTE MINING LIMITED,Materials
SAR,SARACEN MINERAL HOLDINGS LIMITED,Materials
SBM,ST BARBARA LIMITED,Materials
SFR,SANDFIRE RESOURCES NL,Materials
SGM,SIMS METAL MANAGEMENT LIMITED,Materials
SLR,SILVER LAKE RESOURCES LIMITED,Materials
TBR,TRIBUNE RESOURCES LIMITED,Materials
WGX,WESTGOLD RESOURCES LIMITED.,Materials
WSA,WESTERN AREAS LIMITED,Materials
ZIM,ZIMPLATS HOLDINGS LIMITED,Materials
AGY,ARGOSY MINERALS LIMITED,Materials
AJM,ALTURA MINING LIMITED,Materials
AMI,AURELIA METALS LIMITED,Materials
AML,AEON METALS LIMITED.,Materials
AQG,ALACER GOLD CORP.,Materials
AUZ,AUSTRALIAN MINES LIMITED,Materials
AVZ,AVZ MINERALS LIMITED,Materials
BGL,BELLEVUE GOLD LIMITED,Materials
BRL,BATHURST RESOURCES LIMITED.,Materials
BSE,BASE RESOURCES LIMITED,Materials
CDV,CARDINAL RESOURCES LIMITED,Materials
CII,CI RESOURCES LIMITED,Materials
DCN,DACIAN GOLD LIMITED,Materials
DNK,DANAKALI LIMITED,Materials
FMS,FLINDERS MINES LIMITED,Materials
GNG,GR ENGINEERING SERVICES LIMITED,Materials
GRR,GRANGE RESOURCES LIMITED.,Materials
GXY,GALAXY RESOURCES LIMITED,Materials
HAS,HASTINGS TECHNOLOGY METALS LTD,Materials
HFR,HIGHFIELD RESOURCES LIMITED,Materials
HRR,HERON RESOURCES LIMITED,Materials
INR,IONEER LTD,Materials
MAH,MACMAHON HOLDINGS LIMITED,Materials
MLD,MACA LIMITED,Materials
MLX,METALS X LIMITED,Materials
MMI,METRO MINING LIMITED,Materials
MNS,MAGNIS ENERGY TECHNOLOGIES LTD,Materials
MOY,MILLENNIUM MINERALS LIMITED,Materials
MWY,MIDWAY LIMITED,Materials
NCZ,NEW CENTURY RESOURCES LIMITED,Materials
NMT,NEOMETALS LTD,Materials
OGC,OCEANAGOLD CORPORATION,Materials
OMH,OM HOLDINGS LIMITED,Materials
PAN,PANORAMIC RESOURCES LIMITED,Materials
PNR,PANTORO LIMITED,Materials
PPG,PRO-PAC PACKAGING LIMITED,Materials
SFX,SHEFFIELD RESOURCES LIMITED,Materials
SYR,SYRAH RESOURCES LIMITED,Materials
TGN,TUNGSTEN MINING NL,Materials
TZN,TERRAMIN AUSTRALIA LIMITED.,Materials
WAF,WEST AFRICAN RESOURCES LIMITED,Materials
WGN,WAGNERS HOLDING COMPANY LIMITED,Materials
REA,REA GROUP LTD,Media & Entertainment
CAR,CARSALES.COM LIMITED.,Media & Entertainment
DHG,DOMAIN HOLDINGS AUSTRALIA LIMITED.,Media & Entertainment
EVT,EVENT HOSPITALITY AND ENTERTAINMENT LTD,Media & Entertainment
HT1,HT&E LIMITED,Media & Entertainment
NEC,NINE ENTERTAINMENT CO. HOLDINGS LIMITED,Media & Entertainment
NWS,NEWS CORPORATION..,Media & Entertainment
OML,OOH!MEDIA LIMITED,Media & Entertainment
SWM,SEVEN WEST MEDIA LIMITED,Media & Entertainment
SXL,SOUTHERN CROSS MEDIA GROUP LIMITED,Media & Entertainment
VRL,VILLAGE ROADSHOW LIMITED,Media & Entertainment
WPP,WPP AUNZ LTD,Media & Entertainment
GTN,GTN LIMITED,Media & Entertainment
IGL,IVE GROUP LIMITED,Media & Entertainment
MRN,MACQUARIE MEDIA LIMITED,Media & Entertainment
QMS,QMS MEDIA LIMITED,Media & Entertainment
SKT,SKY NETWORK TELEVISION LIMITED.,Media & Entertainment
CSL,CSL LIMITED,"Pharmaceuticals, Biotechnology & Life Sciences"
AVH,AVITA MEDICAL LTD,"Pharmaceuticals, Biotechnology & Life Sciences"
CUV,CLINUVEL PHARMACEUTICALS LIMITED,"Pharmaceuticals, Biotechnology & Life Sciences"
MSB,MESOBLAST LIMITED,"Pharmaceuticals, Biotechnology & Life Sciences"
MYX,MAYNE PHARMA GROUP LIMITED,"Pharmaceuticals, Biotechnology & Life Sciences"
OPT,OPTHEA LIMITED,"Pharmaceuticals, Biotechnology & Life Sciences"
PNV,POLYNOVO LIMITED,"Pharmaceuticals, Biotechnology & Life Sciences"
AC8,AUSCANN GROUP HOLDINGS LTD,"Pharmaceuticals, Biotechnology & Life Sciences"
CAN,CANN GROUP LIMITED,"Pharmaceuticals, Biotechnology & Life Sciences"
MVF,MONASH IVF GROUP LIMITED,"Pharmaceuticals, Biotechnology & Life Sciences"
MVP,MEDICAL DEVELOPMENTS INTERNATIONAL LIMITED,"Pharmaceuticals, Biotechnology & Life Sciences"
NEU,NEUREN PHARMACEUTICALS LIMITED,"Pharmaceuticals, Biotechnology & Life Sciences"
PAR,PARADIGM BIOPHARMACEUTICALS LIMITED..,"Pharmaceuticals, Biotechnology & Life Sciences"
SPL,STARPHARMA HOLDINGS LIMITED,"Pharmaceuticals, Biotechnology & Life Sciences"
DXS,DEXUS,Real Estate
GMG,GOODMAN GROUP,Real Estate
GPT,GPT GROUP,Real Estate
LLC,LENDLEASE GROUP,Real Estate
MGR,MIRVAC GROUP,Real Estate
SCG,SCENTRE GROUP,Real Estate
SGP,STOCKLAND,Real Estate
VCX,VICINITY CENTRES,Real Estate
ABP,ABACUS PROPERTY GROUP,Real Estate
ADI,APN INDUSTRIA REIT,Real Estate
AOF,AUSTRALIAN UNITY OFFICE FUND,Real Estate
AOG,AVEO GROUP,Real Estate
ARF,ARENA REIT.,Real Estate
AVN,AVENTUS GROUP,Real Estate
BWP,BWP TRUST,Real Estate
CHC,CHARTER HALL GROUP,Real Estate
CIP,CENTURIA INDUSTRIAL REIT,Real Estate
CLW,CHARTER HALL LONG WALE REIT,Real Estate
CMA,CENTURIA METROPOLITAN REIT,Real Estate
CMW,CROMWELL PROPERTY GROUP,Real Estate
CQE,CHARTER HALL EDUCATION TRUST,Real Estate
CQR,CHARTER HALL RETAIL REIT,Real Estate
CWP,CEDAR WOODS PROPERTIES LIMITED,Real Estate
GDI,GDI PROPERTY GROUP,Real Estate
GOZ,GROWTHPOINT PROPERTIES AUSTRALIA,Real Estate
HPI,HOTEL PROPERTY INVESTMENTS,Real Estate
INA,INGENIA COMMUNITIES GROUP,Real Estate
LEP,ALE PROPERTY GROUP,Real Estate
LIC,LIFESTYLE COMMUNITIES LIMITED,Real Estate
NSR,NATIONAL STORAGE REIT,Real Estate
PPC,PEET LIMITED,Real Estate
RFF,RURAL FUNDS GROUP,Real Estate
SCP,SHOPPING CENTRES AUSTRALASIA PROPERTY GROUP,Real Estate
URW,UNIBAIL-RODAMCO-WESTFIELD,Real Estate
VVR,VIVA ENERGY REIT,Real Estate
AQR,APN CONVENIENCE RETAIL REIT,Real Estate
AVJ,AVJENNINGS LIMITED,Real Estate
CDP,CARINDALE PROPERTY TRUST,Real Estate
ERF,ELANOR RETAIL PROPERTY FUND,Real Estate
FRI,FINBAR GROUP LIMITED,Real Estate
GDF,GARDA DIVERSIFIED PROPERTY FUND,Real Estate
SDG,SUNLAND GROUP LIMITED,Real Estate
SRV,SERVCORP LIMITED,Real Estate
TGP,360 CAPITAL GROUP,Real Estate
UOS,UNITED OVERSEAS AUSTRALIA LIMITED,Real Estate
URF,US MASTERS RESIDENTIAL PROPERTY FUND,Real Estate
VLW,VILLA WORLD LIMITED.,Real Estate
VTH,VITALHARVEST FREEHOLD TRUST,Real Estate
WES,WESFARMERS LIMITED,Retailing
APE,AP EAGERS LIMITED,Retailing
AX1,ACCENT GROUP LIMITED,Retailing
BAP,BAPCOR LIMITED,Retailing
BRG,BREVILLE GROUP LIMITED,Retailing
HVN,HARVEY NORMAN HOLDINGS LIMITED,Retailing
JBH,JB HI-FI LIMITED,Retailing
KGN,KOGAN.COM LTD,Retailing
KMD,KATHMANDU HOLDINGS LIMITED,Retailing
LOV,LOVISA HOLDINGS LIMITED,Retailing
MYR,MYER HOLDINGS LIMITED,Retailing
NCK,NICK SCALI LIMITED,Retailing
PMV,PREMIER INVESTMENTS LIMITED,Retailing
SUL,SUPER RETAIL GROUP LIMITED,Retailing
WEB,WEBJET LIMITED,Retailing
ADH,ADAIRS LIMITED,Retailing
ASG,AUTOSPORTS GROUP LIMITED.,Retailing
BBN,BABY BUNTING GROUP LIMITED,Retailing
BLX,BEACON LIGHTING GROUP LIMITED,Retailing
CCV,CASH CONVERTERS INTERNATIONAL,Retailing
CCX,CITY CHIC COLLECTIVE LIMITED,Retailing
MTO,MOTORCYCLE HOLDINGS LIMITED,Retailing
NBL,NONI B LIMITED,Retailing
RBL,REDBUBBLE LIMITED,Retailing
SNL,SUPPLY NETWORK LIMITED,Retailing
VTG,VITA GROUP LIMITED,Retailing
PVS,PIVOTAL SYSTEMS CORPORATION,Semiconductors & Semiconductor Equipment
WTC,WISETECH GLOBAL LIMITED,Software & Services
ALU,ALTIUM LIMITED,Software & Services
APT,AFTERPAY TOUCH GROUP LIMITED,Software & Services
APX,APPEN LIMITED,Software & Services
BVS,BRAVURA SOLUTIONS LIMITED.,Software & Services
CPU,COMPUTERSHARE LIMITED.,Software & Services
EML,EML PAYMENTS LIMITED,Software & Services
HSN,HANSEN TECHNOLOGIES LIMITED,Software & Services
IFM,INFOMEDIA LTD,Software & Services
IRE,IRESS LIMITED,Software & Services
IRI,INTEGRATED RESEARCH LIMITED,Software & Services
ISX,ISIGNTHIS LTD,Software & Services
LNK,LINK ADMINISTRATION HOLDINGS LIMITED,Software & Services
MP1,MEGAPORT LIMITED,Software & Services
NXT,NEXTDC LIMITED,Software & Services
PPH,PUSHPAY HOLDINGS LIMITED,Software & Services
TNE,TECHNOLOGY ONE LIMITED,Software & Services
XRO,XERO LIMITED,Software & Services
ARQ,ARQ GROUP LIMITED,Software & Services
CGL,THE CITADEL GROUP LIMITED,Software & Services
CL1,CLASS LIMITED,Software & Services
DTL,DATA#3 LIMITED,Software & Services
DWS,DWS LIMITED,Software & Services
ELO,ELMO SOFTWARE LIMITED,Software & Services
LVH,LIVEHIRE LIMITED,Software & Services
LVT,LIVETILES LIMITED,Software & Services
OCL,OBJECTIVE CORPORATION LIMITED,Software & Services
OTW,OVER THE WIRE HOLDINGS LIMITED,Software & Services
PPS,PRAEMIUM LIMITED,Software & Services
RHP,RHIPE LIMITED,Software & Services
RUL,RPMGLOBAL HOLDINGS LIMITED,Software & Services
AD8,AUDINATE GROUP LIMITED,Technology Hardware & Equipment
CDA,CODAN LIMITED,Technology Hardware & Equipment
DDR,DICKER DATA LIMITED,Technology Hardware & Equipment
CAT,CATAPULT GROUP INTERNATIONAL LTD,Technology Hardware & Equipment
AIA,AUCKLAND INTERNATIONAL AIRPORT LIMITED,Transportation
AZJ,AURIZON HOLDINGS LIMITED,Transportation
QAN,QANTAS AIRWAYS LIMITED,Transportation
SYD,SYDNEY AIRPORT,Transportation
TCL,TRANSURBAN GROUP,Transportation
ALX,ATLAS ARTERIA,Transportation
QUB,QUBE HOLDINGS LIMITED,Transportation
VAH,VIRGIN AUSTRALIA HOLDINGS LIMITED,Transportation
AQZ,ALLIANCE AVIATION SERVICES LIMITED,Transportation
KSC,K & S CORPORATION LIMITED,Transportation
MRM,MMA OFFSHORE LIMITED,Transportation
REX,REGIONAL EXPRESS HOLDINGS LIMITED,Transportation
AGL,AGL ENERGY LIMITED.,Utilities
APA,APA GROUP,Utilities
AST,AUSNET SERVICES LIMITED,Utilities
CEN,CONTACT ENERGY LIMITED,Utilities
EPW,ERM POWER LIMITED,Utilities
GNE,GENESIS ENERGY LIMITED,Utilities
IFN,INFIGEN ENERGY,Utilities
MEZ,MERIDIAN ENERGY LIMITED,Utilities
PEA,PACIFIC ENERGY LIMITED,Utilities
SKI,SPARK INFRASTRUCTURE GROUP,Utilities
EWC,ENERGY WORLD CORPORATION LTD,Utilities
NEW,NEW ENERGY SOLAR,Utilities
AMPPA,AMP Capital Notes,Interest Rate Securities
ANZPD,ANZ Capital Notes,Interest Rate Securities
ANZPE,ANZ Convertible Perpetual Capital Note 2,Interest Rate Securities
ANZPF,ANZ Capital Notes,Interest Rate Securities
ANZPG,ANZ Capital Notes 4,Interest Rate Securities
ANZPH,ANZ Capital Notes 5,Interest Rate Securities
AYUHB,Australian Unity Bonds - Series B ?,Interest Rate Securities
BENHB,Bendigo & Adelaide Bank Unsec Red Perpetual Floating Rate Capital Note,Interest Rate Securities
BENPE,Bendigo and Adelaide Bank CPS 2,Interest Rate Securities
BENPF,Bendigo and Adelaide Bank CPS 3,Interest Rate Securities
BENPG,Bendigo and Adelaide Bank CPS 4,Interest Rate Securities
BOQPE,Bank Of Queensland CPS 2,Interest Rate Securities
CBAPD,CBA PERLS VII,Interest Rate Securities
CBAPE,CBA PERLS VIII,Interest Rate Securities
CBAPF,CBA PERLS IX,Interest Rate Securities
CBAPG,CBA PERLS X,Interest Rate Securities
CBAPH,CBA PERLS XI,Interest Rate Securities
CGFPA,Challenger Capital Notes,Interest Rate Securities
CGFPB,Challenger Capital Notes 2,Interest Rate Securities
CWNHB,Crown Subordinated Notes II,Interest Rate Securities
IAGPD,IAG Capital Notes,Interest Rate Securities
IANG,Insurance Australia Group Limited,Interest Rate Securities
IMFHA,IMF Bentham,Interest Rate Securities
MBLHB,Macquarie Income Sec Stapled Floating Rate Perp,Interest Rate Securities
MBLPA,Macquarie Bank Capital Notes,Interest Rate Securities
MQGPB,Macquarie Group Capital Notes 2,Interest Rate Securities
MQGPC,Macquarie Group,Interest Rate Securities
MQGPD,Macquarie Group Capital Notes 4,Interest Rate Securities
NABHA,NAB Income Securities,Interest Rate Securities
NABPB,NAB CPS II,Interest Rate Securities
NABPC,NAB Capital Note,Interest Rate Securities
NABPD,NAB Capital Notes 2,Interest Rate Securities
NABPE,NAB Subordinated Notes 2,Interest Rate Securities
NABPF,NAB Capital Notes 3,Interest Rate Securities
QUBHA,QUBE Subordinated Notes,Interest Rate Securities
RHCPA,Ramsay Health Care,Interest Rate Securities
SBKHB,Suncorp Unsec Perpetual Floating Rate Capital Note,Interest Rate Securities
SUNPE,Suncorp CPS3,Interest Rate Securities
SUNPF,Suncorp Capital Notes,Interest Rate Securities
SUNPG,Suncorp Capital Notes 2,Interest Rate Securities
WBCPE,Westpac Non-Cumulative Per. Capital Note ll,Interest Rate Securities
WBCPF,Westpac Capital Notes 3,Interest Rate Securities
WBCPG,Westpac Capital Notes 4,Interest Rate Securities
WBCPH,Westpac Capital Notes 5,Interest Rate Securities
WBCPI,Westpac Capital Notes 6,Interest Rate Securities
AFI,Australian Foundation Investment Company,Listed Investment Companies
ALF,Australian Leaders Fund Limited,Listed Investment Companies
AMH,AMCIL Limited,Listed Investment Companies
APL,Antipodes Global Investment Company Limited,Listed Investment Companies
ARG,Argo Investments Limited,Listed Investment Companies
AUI,Australian United Investment Company Limited,Listed Investment Companies
CDM,Cadence Capital Limited,Listed Investment Companies
DJW,Djerriwarrh Investments Limited,Listed Investment Companies
DUI,Diversified United Investment Limited,Listed Investment Companies
MFF,Magellan Flagship Fund Limited,Listed Investment Companies
MLT,Milton Corporation Limited,Listed Investment Companies
PAI,Platinum Asia Investments Limited,Listed Investment Companies
PGF,PM Capital Global Opportunities Fund,Listed Investment Companies
PIC,Perpetual Equity Investment Company Limited,Listed Investment Companies
PMC,Platinum Capital Limited,Listed Investment Companies
QVE,QV Equities Limited,Listed Investment Companies
TGG,Templeton Global Growth Fund Limited,Listed Investment Companies
MGG,Magellan Global Trust,Listed Investment Trust
PE1,Pengana Private Equity Trust ?,Listed Investment Trust
